{"cameraMode":{"drawMode":2,"name":"Shaded Wireframe","section":"Shading Mode"},"sceneLighting":true,"audioPlay":false,"sceneViewState":{"m_AlwaysRefresh":false,"showFog":true,"showSkybox":true,"showFlares":true,"showImageEffects":true,"showParticleSystems":true,"showVisualEffectGraphs":true,"m_FxEnabled":true},"in2DMode":false,"pivot":{"x":22.357830047607423,"y":7.349361896514893,"z":108.8698959350586},"rotation":{"x":-0.04978898912668228,"y":-0.0009020198485814035,"z":0.00004501220246311277,"w":-0.9987603425979614},"size":81.39410400390625,"orthographic":false}